d_alvo,n_amostrado,lambda,mu,rho,media_estimada,wq_teorico,desvio_padrao,ic_inferior,ic_superior,largura_ic,teorico_no_ic,duracao_wall_s
1,150,9,10,0.9,0.36568761,0.9,0.36417635,0.30740726,0.42396797,0.11656071,False,0.0
0.5,150,9,10,0.9,0.65588267,0.9,0.64583884,0.55252693,0.75923841,0.20671148,False,0.0
0.1,150,9,10,0.9,0.30994995,0.9,0.29027306,0.26349658,0.35640331,0.09290673,False,0.0
0.05,150,9,10,0.9,0.25414688,0.9,0.35142079,0.19790784,0.31038592,0.11247808,False,0.0
