n_alvo,n_amostrado,lambda,mu,rho,media_estimada,wq_teorico,desvio_padrao,ic_inferior,ic_superior,teorico_no_ic,duracao_wall_s
1000,1001,9,10,0.9,0.43475741,0.9,0.43071553,0.40807472,0.46144009,False,0.002
100000,100000,9,10,0.9,0.81332568,0.9,0.85440793,0.80803,0.81862135,False,0.093
10000000,10000001,9,10,0.9,0.89175677,0.9,0.97958707,0.89114962,0.89236393,False,9.11
1000000000,1000000000,9,10,0.9,0.89985197,0.9,0.9947345,0.89979032,0.89991363,False,1127.585
