n_alvo,n_amostrado,lambda,mu,rho,media_estimada,wq_teorico,desvio_padrao,ic_inferior,ic_superior,teorico_no_ic,duracao_wall_s
1000,1000,9,10,0.9,0.76085671,0.9,0.66706286,0.71951173,0.80220169,False,0.001
100000,100000,9,10,0.9,0.86980762,0.9,0.92931728,0.86404765,0.87556758,False,0.087
10000000,10000001,9,10,0.9,0.90687107,0.9,1.00605406,0.90624751,0.90749463,False,8.624
